,publishedAt,extractedAt,title,id,description,likes,views,comments
0,2022-02-19T12:45:06Z,2022-02-19 14:39:19.809867,–ì–ª–∞–≤—É –ë–∏—Ä–æ–±–∏–¥–∂–∞–Ω–∞ –≤—ã–±–µ—Ä—É—Ç 24 —Ñ–µ–≤—Ä–∞–ª—è - –†–æ—Å—Å–∏—è 24,wAd5GHi9e2I,"–°–ú–û–¢–†–ò–ú –í HD –¢–£–¢ üëâ - https://smotrim.ru/vesti/?utm_source=youtube&utm_medium=all&utm_campaign=all_0
–ü–æ–¥–ø–∏—à–∏—Ç–µ—Å—å –Ω–∞ –∫–∞–Ω–∞–ª –†–æ—Å—Å–∏—è24: https://www.youtube.com/c/russia24tv?sub_confirmation=1
–ß–µ—Ç—ã—Ä–µ –∫–∞–Ω–¥–∏–¥–∞—Ç–∞ –Ω–∞ –ø–æ—Å—Ç –≥—Ä–∞–¥–æ–Ω–∞—á–∞–ª—å–Ω–∏–∫–∞ –ë–∏—Ä–æ–±–∏–¥–∂–∞–Ω–∞ –¥–æ–ø—É—â–µ–Ω—ã –¥–æ —É—á–∞—Å—Ç–∏—è –≤ –≤—ã–±–æ—Ä–∞—Ö. –û–Ω–∏ –ø—Ä–æ–π–¥—É—Ç 24 —Ñ–µ–≤—Ä–∞–ª—è.

–ü–æ—Å–ª–µ–¥–Ω–∏–µ –Ω–æ–≤–æ—Å—Ç–∏ –†–æ—Å—Å–∏–∏ –∏ –º–∏—Ä–∞, –ø–æ–ª–∏—Ç–∏–∫–∞, —ç–∫–æ–Ω–æ–º–∏–∫–∞, –±–∏–∑–Ω–µ—Å, –∫—É—Ä—Å—ã –≤–∞–ª—é—Ç, –∫—É–ª—å—Ç—É—Ä–∞, —Ç–µ—Ö–Ω–æ–ª–æ–≥–∏–∏, —Å–ø–æ—Ä—Ç, –∏–Ω—Ç–µ—Ä–≤—å—é, —Å–ø–µ—Ü–∏–∞–ª—å–Ω—ã–µ —Ä–µ–ø–æ—Ä—Ç–∞–∂–∏, –ø—Ä–æ–∏—Å—à–µ—Å—Ç–≤–∏—è –∏ –º–Ω–æ–≥–æ–µ –¥—Ä—É–≥–æ–µ.
#–†–æ—Å—Å–∏—è24 #–í–µ—Å—Ç–∏ #–ù–æ–≤–æ—Å—Ç–∏

–û—Ñ–∏—Ü–∏–∞–ª—å–Ω—ã–π YouTube –∫–∞–Ω–∞–ª –í–ì–¢–†–ö. 
–†–æ—Å—Å–∏—è 24 - —ç—Ç–æ –µ–¥–∏–Ω—Å—Ç–≤–µ–Ω–Ω—ã–π —Ä–æ—Å—Å–∏–π—Å–∫–∏–π –∏–Ω—Ñ–æ—Ä–º–∞—Ü–∏–æ–Ω–Ω—ã–π –∫–∞–Ω–∞–ª, –≤–µ—â–∞—é—â–∏–π 24 —á–∞—Å–∞ –≤ —Å—É—Ç–∫–∏. –ú–∏—Ä–æ–≤—ã–µ –Ω–æ–≤–æ—Å—Ç–∏ –∏ –Ω–æ–≤–æ—Å—Ç–∏ —Ä–µ–≥–∏–æ–Ω–æ–≤ –†–æ—Å—Å–∏–∏. –≠–∫–æ–Ω–æ–º–∏—á–µ—Å–∫–∞—è –∞–Ω–∞–ª–∏—Ç–∏–∫–∞ –∏ –∏–Ω—Ç–µ—Ä–≤—å—é —Å –≤–ª–∏—è—Ç–µ–ª—å–Ω–µ–π—à–∏–º–∏ –ø–µ—Ä—Å–æ–Ω–∞–º–∏. 

–°–º–æ—Ç—Ä–∏—Ç–µ —Ç–∞–∫–∂–µ:
–í–µ—Å—Ç–∏ –Ω–µ–¥–µ–ª–∏ —Å –î–º–∏—Ç—Ä–∏–µ–º –ö–∏—Å–µ–ª–µ–≤—ã–º - https://www.youtube.com/playlist?list=PLLHjKKyQ4OaTpipoWQNR1ya5zp19Gc4ZB
–í–µ—Å—Ç–∏ –≤ —Å—É–±–±–æ—Ç—É —Å –°–µ—Ä–≥–µ–µ–º –ë—Ä–∏–ª–µ–≤—ã–º - https://www.youtube.com/playlist?list=PL6MnxjOjSRsQAPpOhH0l_GTegWckbTIB4 
–í–æ—Å–∫—Ä–µ—Å–Ω—ã–π –≤–µ—á–µ—Ä —Å –í–ª–∞–¥–∏–º–∏—Ä–æ–º –°–æ–ª–æ–≤—å–µ–≤—ã–º - https://www.youtube.com/playlist?list=PLwJvP0lZee7zYMGBmzUqNn16P71vHzgkU
60 –º–∏–Ω—É—Ç - https://www.youtube.com/channel/UCR16nHT1nkmG7g9AkE9tGeQ?sub_confirmation=1
–ù–æ–≤–æ—Å—Ç–∏ –≤ –ø—Ä—è–º–æ–º —ç—Ñ–∏—Ä–µ - https://www.youtube.com/playlist?list=PLLHjKKyQ4OaQ73BA1ECZR916u5EI6DnEE
–ú–µ–∂–¥—É–Ω–∞—Ä–æ–¥–Ω–æ–µ –æ–±–æ–∑—Ä–µ–Ω–∏–µ - https://www.youtube.com/playlist?list=PLLHjKKyQ4OaSEmz_g88P4pjTgoDzVwfP7
–°–ø–µ—Ü–∏–∞–ª—å–Ω—ã–π —Ä–µ–ø–æ—Ä—Ç–∞–∂ - https://www.youtube.com/playlist?list=PLLHjKKyQ4OaQLdG0uLyM27FhyBi6J0Ikf",11,1082,11
